{
  "timestamp": "2025-06-15T00:19:39.714083",
  "total_attempted": 6,
  "completed": 0,
  "verified": 0,
  "failed": 6,
  "time_minutes": 0.3300403157869975,
  "completed_theorems": []
}