{
  "timestamp": "2025-06-15T00:27:31.559474",
  "total_theorems": 1095,
  "completed": 0,
  "verified": 0,
  "time_minutes": 139.34816956917444
}